Date,Discharge,Error,Coverage
2016-01-16,14.9203659094366,0.9270013513795846,0.8497188846322675
2016-01-28,14.847029891202322,0.9226668321422352,0.8486787009596274
2016-02-01,14.814293960705916,0.9204327600359484,0.9951435401275252
2016-02-07,14.76264823363264,0.9166116355150774,0.9949489293269396
2016-02-09,14.745169292454769,0.9153406446572904,0.8510389798754827
2016-02-15,14.677960105801729,0.9104004233518488,0.9500512439458432
2016-02-21,14.643721744756023,0.9075135286534148,0.8481724498817551
2016-03-04,14.641292464145074,0.9078082045552414,0.8371289710821193
2016-03-16,14.46194777621056,0.8974869980095386,0.8373994918823583
2016-03-28,14.33600847984449,0.8897462988841968,0.7899941449207637
2016-04-09,14.272288530383218,0.8859428960543398,0.7706130712966847
2016-04-15,14.266287370120342,0.8850228668840049,0.9846048368228852
2016-04-21,14.260689653329283,0.8848341790725675,0.9486262746808494
2016-05-01,14.2379938514345,0.8829319663052888,1.0
2016-05-03,14.243580042133138,0.8831318267787952,0.8439000591289157
2016-05-15,14.204892185375371,0.878931764556213,0.9967338381297576
2016-05-16,14.20744966100189,0.8791055031415319,0.9412762109411348
2016-05-24,14.169183865519711,0.8737111943604883,0.742238679206413
2016-05-27,14.193395299112574,0.8751878551772256,0.9687170379078056
2016-06-01,14.226666362537031,0.8769392309435523,1.0
2016-06-02,14.23091108579268,0.8772064645095193,0.7070195830198862
2016-06-05,14.23201514215656,0.8773493036252944,0.7650615295430119
2016-06-15,14.263995549066204,0.8787915664041588,0.9959536891854855
2016-06-18,14.261642580371086,0.8782921616210246,0.9641047147436256
2016-06-29,14.259891605431507,0.8769336714866548,0.9884052717385122
2016-07-01,14.25827508778896,0.8766956436952341,1.0
2016-07-10,14.269655319552651,0.8763910879396574,0.9904321398455916
2016-07-14,14.282572253327496,0.8765922604791353,0.8100711201126851
2016-07-15,14.289523546790576,0.8769437821161206,0.9948886713007236
2016-07-23,14.284433601334298,0.8776095401800336,0.7224009608196379
2016-07-27,14.27828101775568,0.8779996956509809,0.9971015848150424
2016-08-01,14.235086384002866,0.8766828956563051,1.0
2016-08-04,14.187393292704623,0.8744721012919203,0.6954899282425465
2016-08-08,14.136500488364009,0.8716532534693284,0.806435253490119
2016-08-12,14.096795092737532,0.8690476124962583,1.0
2016-08-16,14.060727419294542,0.8664795522017266,0.5044638969519759
2016-08-19,14.016968526479042,0.8638350500580214,0.9075337142929464
2016-08-23,13.96181550963135,0.8606031866590151,0.9837435316829102
2016-08-28,13.88965153450968,0.8564521416288969,0.5826309789306665
2016-08-31,13.86104507114979,0.8543090554355616,0.7325113633209879
2016-09-01,13.846066605713029,0.8533387745572011,1.0
2016-09-12,13.779610914823706,0.8492453677756661,0.8793068336162854
2016-09-21,13.769445669059673,0.8492105844351875,0.9856270522375564
2016-09-24,13.78654256281786,0.8507227840946194,0.949161118156905
2016-09-30,13.864878642424094,0.8566910048178153,0.9897898285049228
2016-10-01,13.88160071949664,0.8576221910902148,0.9919179113727812
2016-10-06,13.975956670256393,0.8632833242166145,1.0
2016-10-12,14.013003575534428,0.8636869021266381,0.865803478567517
2016-10-15,14.017451030533913,0.8632042488008239,0.8672999067598512
2016-10-18,14.03059152374157,0.8633632130140371,0.9931112942163688
2016-10-24,14.012446794743472,0.8624960692149999,0.9573783856536972
2016-10-30,14.017599188153154,0.8639635064808207,0.971734296806912
2016-11-01,14.062289923749002,0.8670654695412442,0.9989311036465718
2016-11-05,14.14236851720936,0.8722587606565505,0.9741783716227204
2016-11-11,14.19426662192698,0.8747715864577875,0.9916531009232876
2016-11-17,14.26089981151132,0.8808536290102573,0.9821942998174846
2016-11-19,14.264253931723092,0.8813168736509244,1.0
2016-11-23,14.282952505269249,0.882984408188061,0.9925325822396136
2016-11-29,14.374040715339122,0.8845404497760729,0.9350425925363186
2016-12-01,14.38455817348278,0.8849542690977352,0.9899931178613536
2016-12-05,14.39907246887521,0.8854653395312075,0.9827936652404584
2016-12-11,14.446856105572486,0.8885379475075544,0.980790016868136
2016-12-17,14.562671247687575,0.8945769283675647,0.9729169331695198
2016-12-23,14.639507187714877,0.900282613063849,0.8560723426763837
2016-12-29,14.795691315743053,0.910587491130582,0.983940452875362
2017-01-01,14.776414283457216,0.9092913888722992,0.9963049530295256
2017-01-04,14.782139207189292,0.9099644747799924,0.9829772493558704
2017-01-10,14.90547532932236,0.918684402711256,0.9964014072072498
2017-01-16,15.053169009318283,0.9278292781460584,0.9892259987188908
2017-01-22,15.133855442357168,0.9336761606003549,0.9975916266273815
2017-01-28,15.106712552355836,0.9286973693435993,0.9825024721665454
2017-01-29,15.13272889074768,0.930633974385643,0.906682256780246
2017-02-01,15.226639162698884,0.93732858773392,0.9981348403300442
2017-02-03,15.269133357396203,0.9400796851788522,0.7318471846203507
2017-02-09,15.381856040282402,0.9467059355752602,0.783589292737789
2017-02-15,15.484056478053065,0.9534015576930488,0.99919915428648
2017-02-21,15.569721437701352,0.9579292336755064,0.9669161703013982
2017-02-27,15.601387813229357,0.9573758234355708,0.9090870067522112
2017-03-01,15.603264100160043,0.957154558609614,0.7408448641636638
2017-03-11,15.674235776534864,0.9607849285488856,0.9520668443819528
2017-03-17,15.697898399903249,0.9604640326055724,0.9657400212747858
2017-03-23,15.757848505050912,0.964319094674154,0.816839024151885
2017-03-29,15.77455855287512,0.9663369084453044,0.7482047231342288
2017-04-01,15.806521361010462,0.9686407988195386,0.9802322118960212
2017-04-04,15.850673704533438,0.9718004657963206,0.8295314185236022
2017-04-15,16.015500767128092,0.9844603411029772,0.9971553223927968
2017-04-16,16.02979284633911,0.9855268497526616,0.983509371413453
2017-04-22,16.101652130755653,0.989177235011492,0.9811412410902872
2017-04-27,16.15565551981039,0.9936594103149172,0.6953205421839432
2017-04-28,16.152829495524408,0.9937208153365276,0.9281910495868406
2017-05-01,16.235946939757532,0.9990071321942264,0.9361588299201108
2017-05-10,16.305430741306722,1.0034628091350946,0.9447218299914232
2017-05-15,16.327829321828677,1.0049519208275437,0.997207900578462
2017-05-16,16.333549037857626,1.005338705695384,0.9644400237781504
2017-05-22,16.28075359714219,1.0016829460977152,0.9740585612487972
2017-05-25,16.286951816696384,1.0012864068824148,0.90195246567954
2017-05-28,16.28574706788229,1.0005656216452965,0.8548462332855369
2017-06-01,16.278186548255395,1.000683701096272,1.0
2017-06-03,16.272687520826782,1.0005824775483003,0.9838020254441228
2017-06-05,16.27628999906271,1.0006104929870931,0.9435169664337024
2017-06-09,16.28950983788741,1.000807375358136,0.982600682537378
2017-06-15,16.278650858435455,0.9994630657971711,0.9971490454975942
2017-06-16,16.288720491117218,1.000159397902782,0.9930339744221932
2017-06-21,16.343721522235633,1.0038881851916923,0.9626253544906558
2017-06-27,16.34447849094715,1.0015374684315588,0.9920130357786692
2017-07-01,16.302155858020058,0.9998952519003989,1.0
2017-07-03,16.281342185980375,0.999181849119659,0.932119544128364
2017-07-08,16.265192949095347,0.998131763077531,0.8743362725521908
2017-07-09,16.266197534756976,0.9981006217972132,0.9871210319036536
2017-07-15,16.25786926871391,0.9961566388468928,0.9971105393529324
2017-07-21,16.34228617220944,1.0024069022805149,0.9905535103868276
2017-07-27,16.466297919866633,1.0115897949675456,0.9741830040232646
2017-08-01,16.406698661590003,1.0076401800034136,0.9969700859328184
2017-08-02,16.394160898568614,1.0068010418400786,0.9905150719270523
2017-08-08,16.327696744349055,1.0039097485376842,0.9835615754337836
2017-08-10,16.318327372985596,1.0037017318937975,0.9146847247500368
2017-08-14,16.299016853719905,1.0030673516025894,0.990868614008096
2017-08-15,16.30416179025352,1.0036812223825256,0.9971592478047908
2017-08-20,16.341046529497447,1.0073592916270302,0.9864399316195724
2017-08-21,16.34304625123329,1.0072028193874838,0.9977447346393784
2017-08-26,16.358531759127874,1.006483008120627,0.9931783445654316
2017-09-01,16.385856420844082,1.0084919928403742,1.0
2017-09-07,16.237176397619475,0.9992093862546988,0.8448406331925318
2017-09-08,16.255409826810933,1.0006061145223222,0.9915275314943528
2017-09-13,16.345281764802913,1.0070094564869514,0.9796462523990968
2017-09-19,16.37664805800353,1.007382572831288,0.9950680559491232
2017-09-25,16.293506634331028,1.002284983032188,0.5518963156731949
2017-10-01,16.258340589507046,0.999330656380129,0.9995855787068564
2017-10-07,16.357390620492758,1.0062113807520832,0.9816637675762884
2017-10-13,16.583654382551476,1.0212245939085065,1.0
2017-10-15,16.621548552947026,1.023578004443224,0.9954972930538456
2017-10-25,16.70539681887462,1.029289424146253,0.9611475002218788
2017-10-31,16.556880335861603,1.0197639689277298,0.6323670886068526
2017-11-01,16.57629863215895,1.021056581434996,0.9916386847259372
2017-11-06,16.695966998447158,1.0291982478809216,0.9940188586324
2017-11-12,16.71649952008703,1.0318956099610672,0.9806002851928768
2017-11-18,16.799539730148158,1.036410400736382,0.996953415984513
2017-11-24,16.778340378033164,1.03666595071399,0.8035787521036839
2017-11-30,16.784653630967327,1.03651644400244,0.9802815360604306
2017-12-01,16.78889523690793,1.0366843521080722,0.9999999999999998
2017-12-06,16.749477183254672,1.0329880064336876,0.6830528906572935
2017-12-12,16.818375581252294,1.0372522684738084,0.997886943567898
2017-12-24,16.740920344918067,1.0330511462364351,0.9448260211543716
2017-12-30,16.731190494148542,1.0326962399818154,0.9966048178354556
2017-12-31,16.73760091183841,1.0331152439042828,1.0
2018-01-01,16.74296795178253,1.033456452087541,0.9411560112402138
2018-01-05,16.80075345599786,1.037722130466217,1.0
2018-01-11,16.854037409308855,1.0411449182253982,0.9885194350306522
2018-01-17,16.795222129395317,1.0364975956760691,1.0
2018-01-23,16.93743104080322,1.0493913614858348,0.9936679079143738
2018-01-29,16.88395301618534,1.0439875327310628,0.9982488334668934
2018-02-01,16.92287684604564,1.046753331350183,0.9258906404784764
2018-02-04,16.94886991818367,1.0484884719766965,0.9851957162720018
2018-02-10,16.979989796158517,1.0540474723110405,0.9912539254171028
2018-02-16,16.685116818855832,1.0311970777058506,0.8025069677260277
2018-02-22,16.573670956785907,1.023296583009212,0.9556872397913848
2018-02-28,16.567059273766393,1.0222129595273493,0.952081957909944
2018-03-01,16.551535864347652,1.021440171909097,0.9961419806567446
2018-03-06,16.470079398925055,1.0171718571572907,0.9838336004687892
2018-03-12,16.531608253461517,1.0220299118888214,0.5891324877011868
2018-03-15,16.6020453062912,1.0275619711918256,0.9970847887219656
2018-03-18,16.644346505071045,1.0311781535596976,0.9881032193680488
2018-03-24,16.363578582533794,1.009028875253901,0.9595834838242956
2018-03-30,16.390717368447223,1.011564574091325,0.9239403782635632
2018-04-01,16.35765330007662,1.0093217528291485,1.0
2018-04-05,16.335701401416188,1.008151932534621,0.9543336458229812
2018-04-11,16.444220086604343,1.0150023125189422,0.9297430905125472
2018-04-15,16.429362518422103,1.014295352595184,0.99090382372011
2018-04-23,16.52669884793957,1.0222388627314885,1.0
2018-04-29,16.66788770811553,1.0300582401373064,0.7126828261621965
2018-05-01,16.698223408377224,1.0319835678574056,1.0
2018-05-05,16.737717090737693,1.034095045665984,0.893069841237677
2018-05-11,17.01365133086195,1.0494819362834813,0.5694938818114242
2018-05-15,17.170917691552578,1.0578655295467718,0.997117191498524
2018-05-17,17.20672572282364,1.0595458954766976,0.7943358681953359
2018-05-23,17.202716537708437,1.0589093251299704,0.9844866122479308
2018-05-29,17.293528622645564,1.067327337980683,0.9597291150706246
2018-06-01,17.205494842394614,1.0620124353442422,0.9859066413459118
2018-06-03,17.1439758843972,1.0582957627639091,0.93071268519093
2018-06-04,17.108856115879878,1.0561595202853329,0.9312685188142884
2018-06-10,17.078093187707907,1.0544146823095406,0.9882609487555571
2018-06-15,16.96936122428261,1.0474027980820286,0.9970556838130152
2018-06-16,16.957940869720197,1.0465905930491122,0.9722153173389786
2018-06-22,17.012199711366982,1.0508961636963383,0.9888903629495408
2018-06-28,17.062659288317327,1.0538915713385169,0.9246135434038468
2018-07-01,17.056066669145796,1.052931918073091,0.9972924540839267
2018-07-04,17.055245895780935,1.0525433310843255,0.987947675183398
2018-07-06,17.055876681541296,1.052674837265803,0.97205431518373
2018-07-10,17.07500724243218,1.0541324508446888,0.9733597338772786
2018-07-15,17.13830965072304,1.0582542652327054,0.9802342280329678
2018-07-16,17.149315898484783,1.0590256454652656,0.9787473231409024
2018-07-22,17.150764274249024,1.059545438790893,0.9606353137082524
2018-07-28,17.22666142903317,1.065915384064131,0.9886062088373612
2018-08-01,17.31039850465467,1.0712826512225662,1.0
2018-08-03,17.34055527315903,1.0730267471978667,0.9878247976088428
2018-08-08,17.314551873431974,1.0724050738283617,0.9975979194999752
2018-08-09,17.30197332227522,1.0718159983818003,0.9454987492711788
2018-08-15,17.25747870847803,1.0681232852308218,0.9976200014349716
2018-08-21,17.121336402521575,1.0587582755662437,0.9846136639237724
2018-08-27,16.928648700148496,1.0503263815789388,0.9662916010316576
2018-08-30,16.92357643165698,1.0496078172387318,0.99820340573125
2018-09-01,16.930561412812306,1.0497489721400004,1.0
2018-09-02,16.937306764701297,1.0500607884437223,0.9891782244859434
2018-09-08,16.93265837389879,1.0499264729632003,0.889686204170063
2018-09-14,16.869405999100817,1.0449197096875784,0.8610684656986902
2018-09-15,16.845680980668497,1.0435169404914544,0.9946534814866252
2018-09-20,16.678532163859636,1.0349632824833042,0.9435902970188412
2018-09-26,16.662884787471118,1.0356923522200048,0.999093212622898
2018-10-01,16.569425470522386,1.030382024461422,0.7543240531323903
2018-10-02,16.553646695533274,1.0295050546458573,0.9650635398782818
2018-10-08,16.613005920572686,1.0320620214991487,0.9964959783665598
2018-10-14,16.723517453031285,1.0416218436754474,0.9656248620114316
2018-10-20,16.67983981079044,1.0356706690949604,0.9899644260304252
2018-10-26,16.690441809008895,1.0366473428063565,0.9294019844540788
2018-11-01,16.778588906709697,1.0440977856194502,1.0
2018-11-07,16.840202075472064,1.0462419092036082,0.7864408463842316
2018-11-13,16.8443053350299,1.0467324602915733,0.978719673182245
2018-11-19,16.94485391477716,1.052938162770923,0.790922663621503
2018-11-25,16.875492332036448,1.0498425115946182,0.8752516180163399
2018-12-01,16.932812454394842,1.0551354480505766,1.0
2018-12-07,16.93921864736293,1.0541912796992094,0.9538396137450404
2018-12-13,16.963018142344342,1.0552070703807197,0.7195648350320715
2018-12-19,16.978537406243607,1.0571536755926572,0.98300492374325
2018-12-25,16.936706803287077,1.0533269094684543,0.9227218398613938
2018-12-29,16.903438381722967,1.0517130894490123,0.9981228803752245
2018-12-31,16.885439997044966,1.0508010019170513,0.9932147429839128
2019-01-01,16.87440901784661,1.0498931577775754,0.9805657117960086
2019-01-06,16.839862310552892,1.0464615305604343,0.910865227280522
2019-01-12,16.877819044703177,1.050725695842139,0.9991363968213208
2019-01-18,16.809539404741777,1.0453323257596885,0.9432968682897528
2019-01-24,16.80623459235516,1.0459173541636049,0.969887176929747
2019-01-30,16.669826223316417,1.0350311195225623,0.9877999778499612
2019-02-01,16.642451913388026,1.0333758913579922,0.9637851420299506
2019-02-05,16.589910471836287,1.0306387784954787,0.998975139435103
2019-02-11,16.606177716513407,1.0297139000564248,0.8995195368391378
2019-02-17,16.607706513903405,1.0289064774053336,0.9956479403435828
2019-02-23,16.574286710900882,1.0295165243692297,0.9300681236917484
2019-03-01,16.579522063018306,1.0274298642407471,0.9944157508520854
2019-03-07,16.444265138525875,1.020759861348277,0.8709320752305532
2019-03-13,16.494206895604364,1.0219097843784644,0.9441479285285532
2019-03-19,16.571394380374194,1.028042830984446,0.9649740504954998
2019-03-25,16.603981514186422,1.0286122331423568,0.9698875829258808
2019-03-31,16.838612639649085,1.0418191277470783,0.9627861373603778
2019-04-01,16.855319643430818,1.0425906214698777,0.95250286802421
2019-04-05,16.83770596249937,1.0405010717248957,0.7447601680801642
2019-04-06,16.8106191555408,1.0386556280999506,0.9389944252324458
2019-04-07,16.80346491804072,1.038159758367094,0.9481717166201242
2019-04-18,16.60056524330888,1.0249017314463176,0.963778821766652
2019-04-24,16.514524299935335,1.019848411943241,0.8938341176927632
2019-04-30,16.37581258175657,1.0112137813837572,0.950048146884045
2019-05-01,16.33532408701792,1.0084819724996603,1.0
2019-05-06,16.196806994186744,0.9988553650508876,0.944627466304156
2019-05-12,16.13512200324766,0.994795522641268,0.8941321201828489
2019-05-18,16.13341774349354,0.994657225961118,0.8545219944210884
2019-05-24,16.070776121895292,0.9899510746503958,0.9728955320736308
2019-05-30,16.036918039099923,0.9879889800585024,0.9679077557643132
2019-06-01,16.004664495447532,0.9864230252266252,1.0
2019-06-05,15.925079111996943,0.9822698711162766,0.9775604641898152
2019-06-11,15.909546607188997,0.98058489119255,0.911036465048548
2019-06-12,15.920727105077928,0.981058192244008,0.8177403802112903
2019-06-17,16.00639200252287,0.9854637660405862,0.9849094224344994
2019-06-23,15.911814863369177,0.9802275385403516,0.9865835667231324
2019-06-29,15.813304083179789,0.9738226113028668,0.9942838142729924
2019-07-01,15.784815074736825,0.972289207272323,1.0
2019-07-04,15.740111032219124,0.9700288987085098,0.9637951365358326
2019-07-05,15.727718726972574,0.9694421541105928,0.9500492038165124
2019-07-11,15.723684484584645,0.9702016960015016,0.9938775831484384
2019-07-17,15.75424409579341,0.9723791047048006,0.9854759164064028
2019-07-23,15.74197367364739,0.9726095825943348,0.9929673521054364
2019-07-29,15.634278332604032,0.9673219154757324,0.9874440006699456
2019-08-01,15.681068914123236,0.9699441408027462,1.0
2019-08-04,15.734216525445037,0.97272637933019,0.9442792447260228
2019-08-10,15.584874460197687,0.9640885485849836,0.9972426875843752
2019-08-16,15.43195876223543,0.9539571725582108,0.9954514988606316
2019-08-22,15.31646786636806,0.9479626425078802,0.9976108617291424
2019-08-28,15.27847380379281,0.9471848689353606,0.99934986168048
2019-09-01,15.193037496644514,0.9408816783435336,1.0
2019-09-03,15.158145194212077,0.9382110734881084,0.9198140870680074
2019-09-08,15.108655610918955,0.9351685201752428,1.0
2019-09-09,15.11300897696033,0.9355602622450911,0.9968895973436352
2019-09-15,15.18561056393042,0.940815929117072,0.7876947775029115
2019-09-19,15.34554800889182,0.9516951973025568,0.9933224962771736
2019-09-21,15.417413079969345,0.95636326729404,0.9960096089615784
2019-09-27,15.51338663000864,0.957000457000149,0.9435212809785803
2019-10-01,15.520382465454814,0.9586633436329858,1.0
2019-10-03,15.518276305251131,0.959062039037408,0.9978387078144249
2019-10-09,15.522293429620982,0.959915505592004,0.9552391215932654
2019-10-15,15.50074304643311,0.9595960238362752,1.0
2019-10-21,15.602159031766831,0.9647173633399098,0.9956097815631306
2019-10-22,15.606854871787691,0.9654654105400448,0.998254820028334
2019-10-27,15.645183453141428,0.9699142628977616,1.0
2019-11-01,15.689263719990729,0.971669026375481,1.0
2019-11-02,15.703841586680584,0.9724584537885768,0.9994845671526073
2019-11-08,15.848207382294335,0.9812853415769196,0.9990043095325182
2019-11-14,15.892435482881371,0.9817392839814923,0.9833755623699508
2019-11-20,15.981988161744534,0.9889287440387372,0.9844898463574278
2019-11-26,16.05592691418356,0.9938144622359524,0.921985663546902
2019-12-01,16.0986304590029,0.9973529330088062,1.0
2019-12-02,16.0995361230017,0.9975152118460552,0.9935760963040856
2019-12-08,16.263450643968774,1.0059544424402511,0.9764130651575964
2019-12-14,16.259626006172773,1.0073794155261484,1.0
2019-12-16,16.30567185508474,1.01019377220628,1.0
2019-12-20,16.393419550582532,1.015566408514172,0.983667548390468
2019-12-26,16.5631684731414,1.0256699693905718,1.0
2020-01-01,16.538854372515136,1.023973237250228,1.0
2020-01-07,16.597687990384518,1.0284222119313782,1.0
2020-01-13,16.63078426758834,1.029037996827181,0.9880845777044618
2020-01-19,16.653901555595553,1.0280686945197397,1.0
2020-01-25,16.616402353519383,1.028167163671429,0.885395094660022
2020-01-31,16.567128483143062,1.0251180642747673,0.9950075432883856
2020-02-01,16.568866015316843,1.0249521129522707,0.8002328105387921
2020-02-06,16.56151193091729,1.0230695035108783,0.8767014717798576
2020-02-12,16.526279485548653,1.0192055907692992,0.915993465651471
2020-02-18,16.535936213976203,1.0181466852663066,0.9682125133644064
2020-02-24,16.581006601204564,1.0201651450962306,0.9897462745464594
2020-03-01,16.60703483229041,1.0231429633039562,1.0
2020-03-07,16.732500476912882,1.0316367657720131,0.9684835446552624
2020-03-13,16.832275838069176,1.037165317336287,0.9952956490250596
2020-03-19,16.728119258452903,1.0270763152345002,0.973487018158989
2020-03-25,16.82257822088171,1.035834087916063,0.8499131496003701
2020-03-31,16.849843015782263,1.039278534947641,0.9911968838167532
2020-04-01,16.86277504465102,1.0396046938173138,0.9227700640189326
2020-04-06,16.856908427148984,1.0362473622926294,0.8165170298494165
2020-04-12,17.028195015381872,1.050321974560724,0.9080322533071632
2020-04-15,17.08377452314356,1.0520831926218277,0.9922965858468736
2020-04-18,17.129901811190113,1.053221208533513,0.9685280686649836
2020-04-24,17.204656258184933,1.0579744816860273,0.9765701319792572
2020-04-30,16.98615047063627,1.042056002277151,0.957302792167721
2020-05-01,16.992488452993733,1.0421775269610398,0.9795936786712404
2020-05-06,17.048020439583077,1.0442725634578345,0.974696618190546
2020-05-12,17.102779318497976,1.0464181100854564,0.648694175427543
2020-05-18,17.005410525929406,1.041051383199679,0.968884748113252
2020-05-24,17.017945322472833,1.0400348440925546,0.9122224172048584
2020-05-30,17.00511782977706,1.0383684336564702,0.985751283192604
2020-06-01,17.009043856152747,1.0380636349943333,0.99699325370876
2020-06-05,17.00921408255642,1.0370579759459138,0.9565262547792416
2020-06-11,17.06403482438419,1.038399054215238,0.9857046873178288
2020-06-17,16.9567657689741,1.033032879589278,0.9563651771927784
2020-06-23,16.909304263606504,1.0282679320101422,0.9887143597818472
2020-06-29,16.869071907788197,1.024815085007016,0.9799198404053928
2020-07-01,16.86790866310654,1.0239650367302378,0.9932000004515604
2020-07-05,16.898186966602832,1.0249042777066213,0.9895435699653728
2020-07-11,16.94136038586018,1.0295400091572398,0.976032783082178
2020-07-17,17.039707891507767,1.035621123489139,0.9853945298226082
2020-07-23,17.08106624349192,1.038230524982074,0.9522941148639196
2020-07-29,17.16606672481005,1.0442381350124366,0.9946768623984604
2020-08-01,17.18178771326727,1.0465883673993217,1.0
2020-08-04,17.168356472923392,1.0468737213320642,0.9798440978751156
2020-08-10,17.15324325834787,1.0460458586928578,0.9901107410925968
2020-08-16,17.05799885853098,1.040913039013873,0.9845412085321684
2020-08-22,17.13661324320728,1.0454435477438888,0.9974107514966278
2020-08-28,17.07605926859867,1.042361561820807,0.9910975604866216
2020-09-01,17.03561388970983,1.0410088963039232,0.9979117818127876
2020-09-03,17.01562327183449,1.0403471547279646,0.9952952138091992
2020-09-05,16.978241541753068,1.0384739944717467,0.995815751398915
2020-09-09,16.90441312437468,1.034824158004625,0.9844638213158388
2020-09-15,16.82559950274025,1.028399612732743,0.9961928442704118
2020-09-21,16.75469819686722,1.0248679010746844,0.9874013106370998
2020-09-27,16.862875441175753,1.0309333847315123,0.997906048176252
2020-10-01,16.843554186295524,1.030980815004882,0.8506194458767397
2020-10-03,16.831911625160636,1.0308695822233638,0.913174720989928
2020-10-09,16.869858593083208,1.0323641984975078,0.936393526006337
2020-10-21,16.72336140435565,1.0227274448800283,0.9669138880495678
2020-10-27,16.649592171714012,1.0190636619582123,0.9842067918083188
2020-11-01,16.62527232891827,1.0177700394819984,0.9933360203472744
2020-11-02,16.621654252875782,1.0175867162287329,0.9890703140666274
2020-11-08,16.564366381547256,1.0133868425141108,0.9781620962660116
2020-11-14,16.48845021448144,1.0095759742457675,0.9902068159665388
2020-11-20,16.45402657090935,1.0083666210048758,0.9691663326401596
2020-11-26,16.438695047064012,1.0080029235700734,0.9809520380360452
2020-12-01,16.390612051318502,1.005537685821244,0.9443321315679442
2020-12-02,16.38727594153973,1.0054788583478322,0.9065026085539668
2020-12-08,16.411137357431237,1.007670638665209,1.0
2020-12-14,16.48594158102422,1.0113977848843076,0.96089067034097
2020-12-20,16.509259429727024,1.0122025988496413,0.9885585193664976
2020-12-26,16.499800710294178,1.0108080200153704,0.9234617292317768
2021-01-01,16.53651882684895,1.013540720632548,1.0
2021-01-07,16.50958765445995,1.0124196164002963,0.8731595979235827
2021-01-13,16.56025076909936,1.0147023636264063,0.9764895945537446
2021-01-15,16.557855052742347,1.0151142079314466,0.9931274964899456
2021-01-19,16.557072811069872,1.0161652981796532,0.9775948251411524
2021-01-25,16.389051009780907,1.0071318413819743,0.9996172101104184
2021-01-31,16.25689393212527,0.9984751873023572,0.9904689478693128
2021-02-01,16.25638948416916,0.9979269076008536,0.990843927040198
2021-02-06,16.279406948536987,0.9967230523952052,0.9949876086483054
2021-02-12,16.251751370653846,0.994870736270648,0.9392840884339068
2021-02-18,16.241329383126935,0.9947553671720428,0.9692846645028758
2021-02-24,16.196234080817227,0.9905209085841572,0.936954276581053
2021-03-01,16.22375458489734,0.9925934492528166,0.9996416535079488
2021-03-02,16.23369352632073,0.9933452140301802,0.9709234236972928
2021-03-08,16.383758777124058,1.0029849853043464,0.951901226740122
2021-03-14,16.31585483090808,0.9977372068131398,0.9672713248697252
2021-03-20,16.46368360181315,1.0071662650688296,0.9478148011955594
2021-03-26,16.451263431647693,1.0057112918163622,0.9945675249531992
2021-04-01,16.510198098705445,1.0096359940584754,1.0
2021-04-07,16.599089606899955,1.014453329512176,0.9993888243934588
2021-04-13,16.762960764322642,1.0219732366774608,0.9973567580604316
2021-04-17,16.787021640680916,1.0229865850908593,0.8562173039737637
2021-04-19,16.76924362921337,1.021893304352174,0.985630389989714
2021-05-01,16.867006519571145,1.0272066380882547,0.995806369545148
2021-05-07,16.815159726171622,1.0248403578944565,0.9764746706221618
2021-05-13,16.789720664445177,1.023336133902274,0.9656742211325692
2021-05-15,16.767924070836525,1.021901937050226,0.8430197408615424
2021-05-19,16.80204239328162,1.024133447919449,0.9659527851546804
2021-05-25,16.87319337079634,1.028981933910524,0.9742745647465052
2021-05-31,16.75187210697528,1.020552419290334,0.9320010184279794
2021-06-01,16.751606900066115,1.0206361600498748,1.0
2021-06-06,16.773075082509827,1.022335401510579,0.9674304534442816
2021-06-12,16.691652353510317,1.0167896267765415,0.9680076820764222
2021-06-18,16.670170912807734,1.0151413013288229,0.9803559962457328
2021-06-24,16.75827151383361,1.0204114231599175,0.9478677760687528
2021-06-29,16.824726254279685,1.0236393768710916,0.6837402134254755
2021-06-30,16.838291919499042,1.0243182632782544,0.9636694068506496
2021-07-01,16.860665901196594,1.0257047018061998,0.6030744389362053
2021-07-06,16.96769212790135,1.032439560481036,0.9678115650556206
2021-07-10,17.019892057522245,1.0360758684392366,0.9678798418899814
2021-07-12,17.051349519659425,1.0382753858529106,0.9817743682552792
2021-07-18,17.231410275369388,1.0494319624988313,0.9819883041205488
2021-07-21,17.274711680003637,1.0519313355822222,0.9809848486423592
2021-07-24,17.29876318245467,1.0531235904354534,0.9916199046466648
2021-07-30,17.281571456483714,1.0516562764881232,0.9943883820691306
2021-08-01,17.29598720924028,1.0529409102582272,1.0
2021-08-05,17.342526971255506,1.0568628495900712,0.9937074816230358
2021-08-11,17.490536860634855,1.0679249134490674,0.9959982035356394
2021-08-12,17.518842368704238,1.069891872130352,0.9961839649187306
2021-08-17,17.58841824340898,1.07513543831536,0.9979104770369428
2021-08-23,17.366658887070646,1.062591887747096,0.9981810657322938
2021-08-29,17.3684933919638,1.0624580841599538,0.9978123631019484
2021-09-01,17.319964016482732,1.0615702289204054,1.0
2021-09-03,17.28993550790809,1.0610610603516288,0.9981064775266022
2021-09-04,17.272823999843023,1.0606433572124645,0.9196766718936644
2021-09-10,17.074323183748092,1.0492830404678342,0.9968600715801196
2021-09-14,17.14000322893807,1.053076361194163,0.7321796199979915
2021-09-16,17.18568211623207,1.055832121535783,0.9779768512552732
2021-09-22,17.153435850883007,1.054987767614279,1.0
2021-09-28,17.251476089100386,1.0619034958404594,0.9937844309498858
2021-10-01,17.212108331060552,1.0596687488000265,0.976631386029912
2021-10-04,17.174560910059295,1.057660340146598,1.0
2021-10-10,17.108768150306645,1.055438961675193,0.9964333484829164
2021-10-16,17.244553276230928,1.0635460667943428,1.0
2021-10-22,17.243053606517055,1.063215269754185,0.9990483536835236
2021-10-28,17.229659912753334,1.0628232512597646,1.0
2021-11-01,17.197955546185135,1.0620363914049544,0.9787012305191354
2021-11-03,17.181110825222987,1.0615506791501177,0.9996823048129824
2021-11-09,17.17515989546205,1.0604773022993286,1.0
2021-11-15,17.107953323139146,1.0570265537247556,0.913728396984793
2021-11-21,17.1753214138285,1.0614458373391775,1.0
2021-11-27,17.113698450374663,1.05710013530996,0.9657084248583544
2021-12-01,17.01042472723351,1.051224326524307,0.9702396099895688
2021-12-03,16.970771902052444,1.049078927873446,0.9982273807280216
2021-12-09,17.055119537617276,1.054419946085167,0.9850711470850552
2021-12-15,17.159404495497135,1.0627530329032866,0.9891977777002214
2021-12-21,17.20813983815641,1.0648000428802002,0.993442440704509
2021-12-27,17.39647032151008,1.0767526854406426,0.9073837970810604
2021-12-30,17.452227701239476,1.080588010778428,0.7340215810271944
2022-01-01,17.472421821609146,1.0819861018571897,0.9382824639638444
2022-01-08,17.50046179412785,1.0838055640667033,0.8857049316564836
2022-01-11,17.508737347935547,1.0841405298290436,0.7324345127145696
2022-01-13,17.50461945972855,1.0838988531953428,0.9983392137871668
2022-01-20,17.482256143438427,1.0824757792690074,0.8843427436952178
2022-02-13,17.32447980298813,1.0723070076170784,0.693275835947077
2022-04-01,17.040739905310776,1.054989062251352,0.7625992275115953
2022-04-17,17.074199600764043,1.0571269860553725,0.743493151593325
2022-04-26,17.029714444427697,1.0550760765212144,0.5863840590046748
2022-05-01,17.01596435261555,1.0547038982077743,1.0
2022-05-14,16.927576333634693,1.049325166175228,0.9615245886577148
2022-05-20,16.896232120722004,1.0473827684709798,0.6432350911679763
2022-05-23,16.84636800026299,1.0437614792167522,0.6855804297360986
2022-06-01,16.691050475557365,1.0328294154683455,1.0
2022-06-04,16.629818783201614,1.0288644026937743,0.8251496435151169
2022-06-13,16.451205888690723,1.0157789113069469,0.7443539791898215
2022-06-16,16.441249092383806,1.015090855774407,0.97010378313195
2022-06-25,16.406672469058602,1.0137410302484935,0.9760165507964892
2022-06-27,16.38739696510983,1.0124030141459015,0.9725869450169594
2022-06-28,16.37837034757793,1.0117308322973997,0.9156059305276174
2022-07-01,16.37225169204216,1.0111327942279726,0.9973104162444344
2022-07-07,16.34480850116994,1.0090179574037306,0.8336739724628597
2022-07-08,16.349319972189726,1.009401541124055,0.978339066922454
2022-07-10,16.372356170727635,1.0110734433122728,0.7555209339361204
2022-07-19,16.494787747155655,1.020199000459831,0.9896261426615328
2022-07-22,16.45742819310061,1.018520861281751,0.8038442509158521
2022-07-30,16.281172932848197,1.0104162461151989,0.9976586494146794
2022-07-31,16.270723675928075,1.010062779688803,0.9430816319355312
2022-08-01,16.255526931126163,1.009250104668605,1.0
2022-08-03,16.23556783026342,1.0076061747242615,0.6606371916609906
2022-08-10,16.179045858275714,1.0020853122046598,0.9967804915923226
2022-08-12,16.142844780841635,0.999379752661722,0.8586202087808807
2022-08-15,16.094626254027496,0.9962319162877692,0.7100998430999506
2022-08-21,16.03032259850988,0.9911862327234926,0.9995175236822408
2022-08-24,16.032335060681515,0.990510737141971,0.940151376456512
2022-08-27,16.06202540092164,0.9910443632615156,0.841138959164996
2022-09-01,16.06274434541206,0.9895126029814472,1.0
2022-09-05,16.011708662562555,0.9854845022539456,0.9657243262929572
2022-09-08,15.9595014401637,0.9820404856044678,0.7620786420342431
2022-09-12,15.928041290710675,0.9794838253743146,0.7282609897003419
2022-09-17,15.88885381692786,0.9759567710864956,0.9902688818143948
2022-09-20,15.848364777347438,0.972582531203794,0.8210949663626795
2022-09-29,15.581732315963066,0.9542148875927076,0.999446654185146
2022-10-01,15.518309295995923,0.9501073695805592,1.0
2022-10-02,15.482971857067716,0.9478273194475244,0.939364649389168
2022-10-11,15.323584117537624,0.9371636883968002,0.7212711371193092
2022-10-14,15.290587604441672,0.9344852027868428,0.9603948435795652
2022-10-21,15.159624169803667,0.924050842584414,0.996963707008477
2022-10-23,15.123563188478627,0.9211160807232336,0.7409191557666748
2022-10-26,15.070222677541214,0.9170619026722084,0.8751209560897741
2022-11-01,14.995757626330535,0.9112454689717092,0.9859523943494952
2022-11-04,15.08362260678805,0.9164576594353172,0.827905455591635
2022-11-07,15.06693575943817,0.9149309827182848,0.979347491843185
2022-11-16,14.835321089560235,0.8987373768725518,0.696392263989169
2022-11-19,14.74817151052422,0.8925662006145775,0.9848796053564958
2022-11-28,14.659469008756547,0.8841127013345688,0.822484711088142
2022-12-01,14.61955893259514,0.8806505326825161,0.954376158100285
2022-12-10,14.551601305684663,0.8732124572453202,0.8098459389481453
2022-12-13,14.55142484307469,0.8722690755634347,0.9317868538192896
2022-12-22,14.445985835458364,0.866517304299432,0.6684356319630659
2022-12-25,14.409253081772311,0.8646267363776438,0.982500605632832
2023-01-03,14.379859920970553,0.862149544239059,0.5225223895297182
2023-01-15,14.382496798512715,0.8606522721766483,0.8468393366012144
2023-01-18,14.37475436404386,0.8599853766867154,0.9878078298299404
2023-01-27,14.25223740669555,0.8495459620534221,0.8344744470878396
2023-01-30,14.19967152997086,0.8444429797056092,0.9763318321092084
2023-02-08,14.13978478801198,0.8372510407149597,0.7840559191329002
2023-02-11,14.127198629692002,0.8360983678291608,0.9010361773689816
2023-02-13,14.122910505691076,0.8354689392238092,0.9973167186132348
2023-02-20,14.134263035694204,0.8347993546949788,0.6702610356985345
2023-02-23,14.163717017673465,0.8356168241462931,0.7372324172719278
2023-03-04,14.200484620888794,0.8350193307753345,0.7324344017621716
2023-03-07,14.192933180544298,0.8337769006788862,0.8723544156456002
2023-03-16,14.211055789251972,0.8320881203280414,0.6769114547395054
2023-03-19,14.209953406773243,0.8311954545747249,0.9083707208157747
2023-03-29,14.085771853395116,0.822388064329164,0.6332239829764186
2023-03-31,14.061258717310013,0.8207079711787363,0.689295413524369
2023-04-10,14.073866811544905,0.8193135733276568,0.6007525725207283
2023-04-12,14.087500083928644,0.8195646825057689,0.7536457630613359
2023-04-20,14.13859911930485,0.8217465946687433,1.0
2023-04-21,14.14554879384328,0.8221071658818296,0.5921102336924262
2023-04-24,14.146899792981806,0.8222031055448429,0.9933568150734474
2023-05-03,14.069395166678357,0.8151237576478794,0.8079564997369408
2023-05-06,14.06747846417934,0.8138216883340911,0.8269112924212241
2023-05-15,14.002048885904454,0.8077471352138896,0.636161811711704
2023-05-18,13.9857809250659,0.80641352159547,0.9714320147710672
2023-05-27,14.222954015142063,0.8192999000630313,0.8307723636363435
2023-05-30,14.299581259690854,0.8232185208782684,0.9186201682805376
2023-06-08,14.324820596645212,0.8218343020201861,0.6345075624673222
2023-06-11,14.316891689418966,0.8204731380343064,0.8939073959667639
2023-06-20,14.361514193296454,0.8211466834319144,0.9519204160983183
2023-06-23,14.381595513970256,0.8211649309286713,0.9311571021515131
2023-06-25,14.406426442553188,0.8218499329016151,0.9660587810441688
2023-07-02,14.624063096127992,0.8317961168685759,0.954791399512406
2023-07-05,14.743664011581028,0.8381321453913377,0.9693214473326044
2023-07-06,14.779647456161708,0.8400999087141545,0.973756215063508
2023-07-14,14.864200680695626,0.8443848552388356,0.8793710881508098
2023-07-17,14.852898171500646,0.843599521879166,0.9976701075208654
2023-07-26,14.699894847286425,0.8324718490917923,0.8906556978541009
2023-07-28,14.69260190093599,0.8315080839650799,0.9962243559978756
2023-07-29,14.686730614817831,0.8309091158711122,0.8884058680633273
2023-08-07,14.66726104208032,0.8282227764670722,0.9456311955286452
2023-08-08,14.662040045036914,0.8278199153508798,0.996568381490796
2023-08-10,14.684803595706043,0.8287935114244814,0.7859059745885346
2023-08-19,14.998436833191423,0.8472909307456886,0.997865464517478
2023-08-22,15.048029546000569,0.850280074865182,0.9714663945292256
2023-08-30,15.08101431747999,0.853627741161894,0.9979330244157936
2023-08-31,15.074128137390929,0.8532271181224214,0.7515802046861358
2023-09-03,15.101785825998562,0.8556594480996604,0.6894542455402339
2023-09-10,15.179492467572594,0.8621417613059341,0.8904465345730707
2023-09-12,15.104841071993109,0.8559318979352667,0.626861592633096
2023-09-15,15.169563564063518,0.8610146966007268,0.823210209406791
2023-09-24,15.473066857159663,0.8812167610884967,0.6394750946137545
2023-09-27,15.560674112207964,0.8865985613686856,0.9911766729456208
2023-10-09,15.697881425339796,0.8946364187769074,0.903851578453406
2023-10-21,15.868494507864469,0.9023170881807712,0.8305584259219487
2023-11-14,16.194789884086987,0.9216800377398954,0.7327552061902911
2023-11-26,16.426895395719168,0.9329316496681924,0.6468784528974176
2023-12-05,16.544975508112568,0.93999415891326,0.5577757924711779
